{"cameraMode":{"drawMode":0,"name":"Shaded","section":"Shading Mode"},"sceneLighting":false,"audioPlay":false,"sceneViewState":{"m_AlwaysRefresh":false,"showFog":true,"showSkybox":false,"showFlares":true,"showImageEffects":true,"showParticleSystems":true,"showVisualEffectGraphs":true,"m_FxEnabled":true},"in2DMode":false,"pivot":{"x":-0.08079266548156738,"y":6.376176357269287,"z":68.25374603271485},"rotation":{"x":-0.033629871904850009,"y":0.8827346563339233,"z":-0.06394220143556595,"w":-0.46428292989730837},"size":5.2886857986450199,"orthographic":true}